id,ten,loai,vi,tinh,mua,nlc,nlp,mo_ta,image_path
D1,Canh chua cá linh bông điên điển ,Món nước,"Chua, Ngọt, Đắng",An Giang,Mùa nước nổi,"Cá, Bún",Bông điên điển,"Canh chua cá linh bông điên điển là món ăn đặc trưng của mùa nước nổi miền Tây Nam Bộ, đặc biệt nổi danh ở An Giang. Chỉ xuất hiện vào mùa lũ, khi cá linh non và bông điên điển vàng ươm cùng hội tụ, món ăn này đem đến hương vị thanh tao nhờ vị chua dịu của me, sự ngọt béo của cá linh tươi và độ giòn thơm từ bông điên điển. Đây thực sự là bản hòa quyện tuyệt vời của hương vị tự nhiên, mộc mạc, đầy chất quê hương, lắng đọng trong lòng thực khách.",D1.png
D2,Nem chua Lai Vung,Món khô,"Chua, Cay",Đồng Tháp,Mùa tết,Thịt,Rau củ quả,"Nem Chua Lai Vung là đặc sản trứ danh của huyện Lai Vung, tỉnh Đồng Tháp. Đây là món ăn nổi bật nhờ hương vị và hình thức đặc trưng, đại diện cho ẩm thực Đất Sen Hồng. Khi chín, nem đạt độ chua thanh từ quá trình lên men tự nhiên, hòa quyện cùng vị cay nhẹ của ớt, vị nồng của tỏi và độ dai giòn sần sật của bì heo. Nem được gói cẩn thận bằng lá vông/lá chùm ruột và lá chuối, và thường được dùng làm quà biếu tết, mang đậm hương vị mộc mạc và tinh tế của miền Tây.",D2.png
D3,Lẩu Cá Kèo Lá Giang,Món lẩu,"Chua, Ngọt",Sóc Trăng,Mùa mưa,"Cá, Bún",Lá giang,"Lẩu Cá Kèo Lá Giang là món lẩu dân dã, đặc trưng của vùng sông nước Sóc Trăng và cả miền Tây Nam Bộ. Món ăn này được ưa chuộng nhất vào mùa mưa (từ tháng 5 đến tháng 10), khi cá kèo có thịt béo và săn chắc. Lẩu nổi tiếng với hương vị chua thanh đặc trưng từ lá giang, kết hợp hoàn hảo với vị ngọt béo tự nhiên của những con cá kèo tươi rói. Nồi lẩu nóng hổi thường được thưởng thức cùng bún và không thể thiếu các loại rau đồng như rau đắng, bắp chuối bào. ",D3.png
D4,Gỏi xoài cá sặc,Món gỏi,"Chua, Ngọt, Mặn",Long An,"Mùa khô, Mùa nước nổi","Cá, Trái cây",Rau củ quả,"Gỏi xoài cá sặc, món dân dã miền Nam, nổi bật với hương vị hài hòa, khó cưỡng. Món ăn lý tưởng cho ngày hè nóng nhờ xoài xanh chua giòn và cá sặc khô đậm đà. Nguyên liệu gồm xoài thái sợi, cá nướng thơm, cùng nước mắm tỏi ớt, đường, chanh, rau thơm hòa quyện. Vị chua nhẹ của xoài, mặn béo của cá khô thêm chút cay nơi đầu lưỡi tạo cảm giác khó quên. Đây là món khai vị hấp dẫn và đem lại nét mới mẻ cho bữa cơm gia đình.",D4.png
D5,Cháo cá lóc rau đắng,Món cháo,"Đắng, Ngọt",Long An,Mùa mưa,"Cá, Gạo",Rau đắng,"Cháo cá lóc rau đắng là một món ăn dân dã, mang đậm hương vị miền Tây Nam Bộ. Món ăn thường được ưa chuộng vào những ngày thời tiết se lạnh hay mùa mưa vì tính ấm bụng và bổ dưỡng. Nguyên liệu chính gồm cá lóc tươi, cơm hoặc gạo nấu nhừ, kết hợp cùng rau đắng mang lại hương thơm hấp dẫn của cá, vị ngọt thanh từ nước dùng hòa quyện với chút đăng đắng tự nhiên của rau, tạo nên một món ăn vừa ngon miệng, vừa tốt cho sức khỏe. Đây không chỉ là món ăn no mà còn là liều thuốc giải cảm tuyệt vời trong bữa cơm gia đình.",D5.png
D6,Bánh pía,Món bánh,"Béo, Ngot",Sóc Trăng,Mùa tết,"Bột, Trứng",Rau củ quả,"Bánh pía là một món ăn truyền thống nổi tiếng nhất tại Sóc Trăng. Món bánh này thường được thưởng thức vào bất kỳ mùa nào trong năm, đặc biệt thích hợp để làm quà biếu mỗi dịp lễ tết. Bánh pía thuộc loại bánh ngọt, có lớp vỏ mỏng xếp thành nhiều lớp mềm mịn. Nguyên liệu chính gồm bột mì, đường, mỡ heo và các loại nhân đặc trưng tùy theo khẩu vị. Nhân bánh đa dạng, phổ biến với các loại như sầu riêng, lòng đỏ trứng muối, đậu xanh, tạo nên hương vị ngọt ngào, béo bùi và thơm lừng.",D6.png
D7,Bún kèn Hà Tiên,Món nước,"Béo, Ngọt",Kiên Giang,Mùa khô,"Cá, Bún",Nước cốt dừa,"Bún kèn Hà Tiên là một món ăn đặc sản độc đáo của vùng đất Hà Tiên, thường được thưởng thức vào các ngày hè oi ả. Nguyên liệu chính thường là cá lóc hoặc cá ngân được làm chín, giã nhuyễn rồi phối cùng các loại rau sống như giá đỗ, dưa leo thái sợi, thêm chút ớt cay để tăng hương vị. Đây là món bún mang hương vị đặc trưng của miền biển, kết hợp hài hòa giữa cốt cá biển, nước cốt dừa béo ngậy và gia vị đậm đà.",D7.png
D8,Bánh tằm bì,Món bánh,Béo,Cần Thơ,Quanh năm,"Bánh tằm, Thịt",Nước cốt dừa,"Bánh tằm bì là một món ăn dân dã, mang đậm hương vị truyền thống của vùng đất Cần Thơ. Đây là món bánh linh hoạt, thích hợp thưởng thức quanh năm, đặc biệt vào những ngày se se lạnh càng thêm ngon. Bánh được làm từ sợi bánh tằm trắng mềm mịn, kết hợp với bì lợn thái nhỏ trộn thính, tạo vị béo bùi độc đáo. Nước cốt dừa đậm đà hoà quyện cùng nước mắm pha chua ngọt, thêm chút rau sống tươi xanh, dưa leo và ớt bằm, tất cả làm nên một hương vị vừa thanh mát vừa đậm đà khó quên. Sự kết hợp giữa các nguyên liệu tạo nên món ăn vừa hấp dẫn thị giác vừa chiều lòng vị giác.",D8.png
D9,Bún nước lèo Sóc Trăng,Món nước,"Mặn, Ngọt",Sóc Trăng,Mùa mưa,"Cá, Hải sản, Bún","Mắm, Rau củ quả","Bún nước lèo Sóc Trăng là một món ăn nổi tiếng ở Saóc Trăng, thường được thưởng thức trong những ngày thời tiết mát mẻ hoặc se lạnh, đặc biệt vào mùa mưa. Đây là một món ăn dân dã nhưng đầy tinh tế, kết hợp hài hòa giữa sợi bún trắng mềm, nước lèo đậm đà được nấu từ mắm bò hóc đặc trưng cùng với xương heo và các gia vị tự nhiên. Tô bún nước lèo thường được ăn kèm với cá lóc đồng dai ngọt, tôm tươi, cộng thêm rau sống như bắp chuối, giá và rau thơm. ",D9.png
D10,Mực trứng nhồi nhum biển sốt mè gạo lứt ,Món hấp, Ngọt,Kiên Giang,Mùa khô,"Hải sản, Gạo","Rau củ quả, Dầu mè","Món mực trứng nhồi nhum biển sốt mè gạo lứt là một trong những đặc sản độc đáo của Kiên Giang, thường được thưởng thức vào mùa hè – thời điểm mực trứng và nhum biển đạt độ tươi ngon nhất. Đây là sự kết hợp tinh tế giữa vị béo ngậy của trứng mực hòa quyện với nhum biển bổ dưỡng, được nhồi khéo léo bên trong những thân mực. Hương vị món ăn trở nên đậm đà nhờ sốt mè rang thơm lừng và thêm phần đặc biệt khi dùng kèm gạo lứt, mang lại cảm giác vừa ngon miệng vừa lành mạnh. ",D10.png
D11,Chả nướng chợ Gạo,Món nướng,"Mặn, Ngọt",Tiền Giang,Mùa khô,"Gạo, Thịt, Trứng",Rau củ quả,"Chả nướng là món ăn độc đáo xuất hiện trong các dịp giỗ chạp hoặc lễ tết ở Tiền Giang. Nguyên liệu làm chả nướng chẳng khác chả trứng vịt hấp là bao. Thường là thịt nạc vai và trứng vịt. Dù mang tiếng là nướng nhưng chả được đặt trong nồi gang chứ không nướng trực tiếp. Để giữ nguyên vị người ta nướng trên than hồng khoảng nửa tiếng khi mặt chả khô và ánh vàng là được. Chả nướng có mùi thơm của trứng nướng, ngọt béo của thịt heo. Chả nướng Chợ Gạo ăn kèm rau sống, bánh tráng và nước mắm pha chua ngọt. ",D11.png
D12,Bánh tét cốm dẹp,Món bánh,"Béo, Ngọt",Trà Vinh,Mùa tết,Nếp,"Rau củ quả, Nước cốt dừa","Bánh tét cốm dẹp là loại bánh truyền thống của người dân Trà Vinh. Bánh được gói bên ngoài bằng nhiều lớp lá chuối xiêm và to chùng nắm tay. Món bánh trở thành đặc sản có một không hai bởi vỏ bánh được gói bằng cốm dẹt.  Những mảnh cốm trong dẹt được trộn vói nước cốt dừa rồi trộn và bắt nhân lúc còn nóng. Nhân bánh thường có hai loại: đậu xanh, dừa. Bánh tét cốm dẹt khi chín có mùi thơm của nếp, phần vỏ bánh mềm mịn dai không gây ngán cho người thưởng thức. ",D12.png
D13,Hủ tiếu Sa Đéc,Món nước,"Mặn, Ngọt",Đồng Tháp,Quanh năm,"Hủ tiếu, Thịt, Hải sản",Rau củ quả,"Hủ tiếu Sa Đéc là món đặc sản nổi tiếng của Đồng Tháp, nổi bật với sợi hủ tiếu làm từ bột gạo, có cọng to, màu trắng đục, dai mềm độc đáo; nước dùng ngọt thanh từ xương hầm, kết hợp với topping tôm, thịt, gan, trứng cút và nước mắm/giấm ớt, tạo nên hương vị thơm ngon đặc trưng khó cưỡng.",D13.png
D14,Hủ tiếu Mỹ Tho,Món nước,"Mặn, Ngọt",Tiền Giang,Quanh năm,"Hủ tiếu, Thịt, Hải sản",Rau củ quả,"Hủ tiếu Mỹ Tho – đặc sản trứ danh Tiền Giang, mang đậm hương vị miền Tây Nam Bộ. Sợi hủ tiếu từ gạo Gò Cát dai, giòn, trắng trong và thơm nhẹ, kết hợp cùng nước lèo ngọt thanh ninh từ xương heo và tôm khô. Topping phong phú gồm thịt heo, tôm, gan, trứng cút, giá sống và hẹ, tạo nên hương vị hài hòa. ",D14.png
D15,Vịt nấu chao,Món nước,"Béo, Mặn",Cần Thơ,Mùa mưa,Thịt,"Rau củ quả, Chao","Vịt nấu chao là một món ăn truyền thống đặc trưng của người dân Cần Thơ. Vịt được tẩm ướp kỹ lưỡng nhằm thấm đều gia vị, sau đó nấu chín trong nước chao đậm đà kết hợp cùng các loại rau củ như khoai môn hay rau muống, mang đến sự cân bằng và hấp dẫn trong từng miếng ăn. Với sự kết hợp hài hòa giữa thịt vịt mềm thơm, vị béo ngậy của nước cốt dừa, và hương vị đậm đà, độc đáo của chao. Đây là món ăn lý tưởng cho những bữa sum họp gia đình hoặc các buổi tiệc quây quần với bạn bè",D15.png
D16,Gà đốt lá chúc,Món nướng,"Mặn, Ngọt",An Giang,Quanh năm,Thịt,Lá chúc,"Gà đốt lá chúc là món ăn đặc trưng của An Giang. Món này kết hợp vị đậm đà từ gà ta chắc thịt với hương thơm độc đáo của lá chúc – một loại lá thơm hiếm có ở khu vực này. Gà được làm sạch, ướp gia vị kỹ lưỡng theo bí quyết riêng rồi nướng cùng lá chúc. Lá thường lót bên dưới hoặc bọc ngoài gà, giúp giữ trọn hương vị tự nhiên trong quá trình chế biến, tạo nên mùi thơm hấp dẫn khó quên. Nếu bạn ghé thăm miền Tây, đừng bỏ lỡ cơ hội thưởng thức gà đốt lá chúc – một nét tinh hoa trong ẩm thực truyền thống và sự khéo léo của người dân nơi đây.",D16.png
D17,Ốc len xào dừa,Món xào,"Ngọt, Béo",Bến Tre,Mùa mưa,Hải sản,Nước cốt dừa,"Ốc len xào dừa là một món ăn đặc trưng mang đậm hương vị miền Tây, đặc biệt nổi tiếng tại Bến Tre. Ốc len được chọn lọc kỹ lưỡng, thường là những con to, tươi ngon, giữ được độ dai và ngọt tự nhiên. Sau đó xào cùng với nước cốt dừa sánh mịn, thêm vào các loại gia vị vừa ăn để tăng phần đậm đà. Đây là sự hòa quyện hoàn hảo giữa ốc len béo ngậy và nước cốt dừa thơm lừng, tạo nên hương vị vừa đậm đà vừa hấp dẫn khó cưỡng.",D17.png
D18,Bún quậy Phú Quốc,Món nước,"Mặn, Ngọt",Kiên Giang,Quanh năm,"Bún, Hải sản",Rau củ quả,"Bún quậy Phú Quốc, một món đặc sản độc đáo của hòn đảo xinh đẹp thuộc tỉnh Kiên Giang. Điều làm bún quậy trở nên khác biệt chính là cách làm bún tươi ngay tại chỗ. Khi khách gọi món, bún mới bắt đầu được ép và trụng qua nước sôi, đảm bảo giữ nguyên độ dai, mềm tự nhiên. Nước lèo của món ăn có màu trong vắt, vị thanh ngọt, được nấu từ tôm, mực và cá tươi, tạo nên hương vị biển cả thơm ngon khó cưỡng. Khi thưởng thức, thực khách sẽ cảm nhận sự hòa quyện giữa các nguyên liệu tươi ngon như tôm xay nhuyễn, chả cá và mực.",D18.png
D19,Bánh Tét lá Cẩm,Món bánh,"Béo, Ngọt",Cần Thơ,Mùa tết,Nếp,"Nước cốt dừa, Rau củ quả","Bánh Tét lá Cẩm là một đặc sản đặc trưng của vùng đất Cần Thơ, nổi tiếng khắp Việt Nam bởi hương vị độc đáo và màu sắc bắt mắt. Điểm nhấn của loại bánh này nằm ở lớp nếp dẻo thơm được nhuộm màu tím tự nhiên từ lá cẩm – một loại lá mang lại không chỉ màu sắc hấp dẫn mà còn vị thanh nhẹ, riêng biệt. Bên trong bánh là nhân đậu xanh bùi béo hòa quyện cùng thịt ba chỉ mặn mà, tạo nên sự hài hòa giữa các vị ngọt, bùi và mặn. Bánh được gói gọn gàng bằng lá chuối, sau đó nấu chín kỹ lưỡng để cho ra lớp vỏ mềm dẻo, không bị khô. Ngoài hương vị thơm ngon, Bánh Tét lá Cẩm còn mang giá trị văn hóa sâu sắc, thường xuất hiện trong các dịp lễ Tết, như một biểu tượng của sự đoàn viên và ấm no.",D19.png
D20,Bún bò cay,Món nước,Cay,Bạc Liêu,Mùa mưa,"Bún, Thịt",Rau củ quả,"Với du khách, đến Bạc Liêu mà chưa ăn thử bún bò cay thì coi như bạn đã bỏ phí chuyến đi hành trình của mình. Tô bún bò ghi điểm với thực khách nhờ vị cay nồng của ớt, mùi thơm của các loại gia vị như sả, hồi, quế… hòa quyện với nước lèo đậm đà, sóng sánh ánh đỏ và có vị ngọt. Khi ăn, bạn sẽ cảm nhận được sợi bún trắng mềm, thịt bò chín tái cùng với nước dùng cay cay, đậm đà, bùng nổ vị giác. Trong những buổi chiều trở gió hay khi cơn mưa vừa dứt, được ăn bát bún bò cay đúng chất Bạc Liêu thì không có gì có thể hấp dẫn được bằng.",D20.png
D21,Củ hủ dừa xào tép nhảy,Món xào,"Mặn, Ngọt",Bến Tre,Mùa khô,Hải sản,Rau củ quả,"Củ hủ dừa xào tép nhảy là một món ăn dân dã gắn liền với vùng đất Bến Tre, nơi nổi tiếng với những rặng dừa xanh bát ngát. Đây là sự kết hợp hài hòa giữa củ hủ dừa giòn ngọt, tươi mát và tép nhảy nhỏ xíu nhưng đầy hương vị. Củ hủ dừa, phần non nhất ở lõi thân cây dừa, kết hợp cùng tép nhảy - loại tép tươi sống được bắt lên từ sông nước miền Tây - món ăn này trở thành một tuyệt phẩm không chỉ về hương vị mà còn mang đậm nét đặc trưng của ẩm thực xứ dừa. Nếu có dịp đến đây, bạn hãy  thưởng thức để cảm nhận được trọn vẹn sự tinh tế trong ẩm thực quê hương này.",D21.png
D22,Bánh tráng Mỹ Lồng,Món bánh,Béo,Bến Tre,Quanh năm,Bột,Nước cốt dừa,"Bánh tráng Mỹ Lồng là một đặc sản nổi tiếng không thể bỏ qua khi nhắc đến Bến Tre. Sản phẩm này được làm từ những nguyên liệu tự nhiên, đơn giản nhưng chất lượng như bột gạo, nước cốt dừa, mè và muối, kết hợp cùng kỹ thuật tráng bánh khéo léo của người dân địa phương. Điểm đặc biệt của bánh tráng Mỹ Lồng nằm ở vị béo ngậy của nước cốt dừa hòa quyện với độ giòn rụm khi nướng lên, mang lại trải nghiệm ẩm thực khó quên. Loại bánh này không chỉ là món ăn vặt thơm ngon mà còn gắn liền với những giá trị văn hóa đậm chất miền Tây sông nước. ",D22.png
D23,Ốc bươu xanh nướng tiêu,Món nướng,"Cay, Mặn",Cần Thơ,Mùa khô,Hải sản,Rau củ quả,"Ốc bươu xanh nướng tiêu – một món ăn đặc sản trứ danh của Cần Thơ – mang đậm hương vị vùng sông nước miền Tây. Với lớp vỏ xanh óng ánh hấp dẫn, những con ốc được chọn lựa kỹ càng đảm bảo độ tươi ngon, kết hợp cùng sốt tiêu cay nồng tạo nên một hương vị vừa mặn, vừa cay, vừa thơm. Ốc sau đó được nướng trên bếp than hồng, mùi thơm của thịt ốc quyện với mùi khói đặc trưng khiến bất kỳ ai ngửi qua cũng khó lòng cưỡng lại. Nếu có dịp ghé thăm, đừng bỏ lỡ cơ hội trải nghiệm hương vị thơm ngon độc đáo này.",D23.png
D24,Canh chua cá chốt,Món nước,"Chua, Ngọt",Long An,Mùa mưa,Cá,Rau củ quả,"Canh chua cá chốt là một món ăn dân dã, mang đậm hương vị đặc trưng của vùng đất Long An.Cá chốt, loài cá quen thuộc ở miền sông nước, được lựa chọn kỹ càng để giữ được độ tươi ngon và béo ngậy. Khi nấu canh chua, cá chốt thấm đượm vị chua ngọt từ nước dùng, tạo nên hương vị vô cùng hấp dẫn. Điểm xuyết cho món canh là cà chua đỏ mọng, đậu bắp và giá sống giòn giòn, cùng chút rau ngổ hay ngò gai thơm lừng mang trong mình sự kết hợp hài hòa giữa vị chua dịu của trái me, chút ngọt thanh từ cá chốt tươi và hương thơm của các loại rau nêm.",D24.png
D25,Bún cá Châu Đốc,Món nước,"Ngọt, Mặn",An Giang,Quanh năm,"Bún, Cá","Mắm, Rau củ quả","Bún cá Châu Đốc, đặc sản nổi tiếng của vùng đất An Giang, là món ăn mang đậm hương vị miền Tây Nam Bộ, hấp dẫn thực khách từ cái nhìn đầu tiên.  Nước dùng bún cá được chế biến công phu, thơm ngon từ cá tươi, kết hợp với các loại gia vị đặc trưng như nghệ, sả, và mắm ruốc, tạo nên hương thơm nồng đượm và vị ngọt thanh tao. Phần thịt cá lóc béo ngậy, mềm mại xen lẫn những lát nghệ vàng óng, không chỉ bắt mắt mà còn quyến rũ về vị giác. Điểm đặc biệt của bún cá Châu Đốc chính là sự kết hợp hài hòa giữa nguyên liệu và rau sống ăn kèm như bắp chuối, rau muống, giá và hẹ, làm tăng sự tươi mát cho món ăn. Thưởng thức một tô bún cá Châu Đốc vào buổi sáng sớm hay chiều muộn bên con nước hiền hòa của An Giang là trải nghiệm không thể bỏ lỡ khi đến với miền Tây. ",D25.png
D26,Gỏi ngó sen tôm thịt,Món gỏi,"Chua, Ngọt, Mặn",Đồng Tháp,Mùa nước nổi,"Thịt, Hải sản",Sen,"Gỏi ngó sen tôm thịt là một món ăn đặc sản độc đáo và không thể bỏ qua khi nhắc đến ẩm thực Đồng Tháp. Được chế biến từ những nguyên liệu tươi ngon, gỏi ngó sen kết hợp hài hòa giữa vị giòn mát của ngó sen, vị đậm đà của tôm cùng thịt heo mềm thơm, tạo nên một hương vị khó quên. Khi ăn kèm với nước mắm chua cay mặn ngọt và chút rau thơm, từng miếng gỏi càng trở nên đậm đà và hấp dẫn hơn. Gỏi ngó sen tôm thịt không chỉ là một món ăn, mà còn là biểu tượng cho hương vị giản dị nhưng sâu sắc của ẩm thực địa phương. Đây chắc chắn là trải nghiệm ẩm thực mà bạn không nên bỏ lỡ khi đến với mảnh đất Đồng Tháp thân thương",D26.png
D27,Bánh bò thốt nốt,Món bánh,"Ngọt, Béo",An Giang,Quanh năm,"Bột, Gạo",Nước cốt dừa,"Bánh bò thốt nốt, đặc sản nổi bật của An Giang, thể hiện sự giao thoa văn hóa giữa Kinh, Khmer và Chăm. Loại bánh này được làm từ bột gạo, nước cốt dừa và đường thốt nốt – nguyên liệu đặc trưng của vùng. Hòa quyện hoàn hảo giữa nước cốt dừa béo ngậy và vị ngọt thanh. Đây là món quà mộc mạc, đậm tình quê hương, thường được du khách chọn làm quà sau mỗi chuyến thăm An Giang. ",D27.png
D28,Bún nước lèo Trà Vinh,Món nước,"Ngọt, Mặn",Trà Vinh,Quanh năm,"Bún, Cá, Thịt",Mắm,"Người ta vẫn thường nói vui với nhau: ""Chưa ăn bún nước lèo xem như chưa đến Trà Vinh"". Món ăn này trở nên đặc biệt bởi vị mắm bò hóc  của  người  Khmer và thêm  món thịt  heo  quay  của  người  Hoa. Nguyên liệu chính để làm nên hương vị đặc trưng của bún nước lèo Trà Vinh là mắm bò hóc - mắm làm từ cá hỗn hợp còn có tên là prahok hay pro hoc. Để nước dùng ngọt người ta thêm nhiều loại cá như cá lóc, cá kèo, tôm, cá ngát... Món ăn này cần nhiều loại rau sống ăn kèm như bắp chuối, rau muống bào, bông súng, rau thơm... Ngoài ra thịt heo quay giòn bì, thơm nức cũng góp phần làm nên hương vị đặc trưng của bún nước lèo Trà Vinh. Đây là một món ăn thơm ngon, phù hợp để thưởng thức ở bất cứ thời điểm nào trong năm.",D28.png
D29,Cua Cà Mau hấp,Món hấp,"Ngọt, Mặn",Cà Mau,Mùa mưa,Hải sản,Rau củ quả,"Cua Cà Mau hấp luôn là món ăn yêu thích của nhiều người nhờ cách chế biến đơn giản nhưng vẫn giữ trọn vẹn hương vị tươi ngon và ngọt thịt đặc trưng. Khi chấm cùng muối tiêu chanh hoặc muối ớt xanh, kết hợp với rau củ quả tươi sống, hương vị trở nên đặc sắc đến khó cưỡng. Thời điểm lý tưởng để thưởng thức cua Cà Mau là vào khoảng tháng 7 đến tháng 8 âm lịch, khi cua đang trong mùa sinh sản. Lúc này, cua thường đầy thịt, chắc, béo ngậy và chứa nhiều gạch; đặc biệt là cua gạch son và cua cốm đạt chất lượng ngon nhất trong năm. ",D29.png
D30,Bánh canh bột xắt,Món nước,"Béo, Ngọt",Bến Tre,Quanh năm,"Bột, Thịt",Nước cốt dừa,"Bánh canh bột xắt là món ăn dân dã đặc trưng của miền Tây, đặc biệt nổi tiếng tại Bến Tre – quê hương xứ dừa. Món này được làm từ bột gạo và bột năng, cán mỏng rồi cắt thành sợi, sau đó nấu cùng nước dùng thơm ngon từ xương, vịt hoặc tôm thịt kết hợp nước cốt dừa béo ngậy. Thành phẩm mang đến sợi bánh vừa mềm vừa dai, nước súp đậm đà và mùi thơm hấp dẫn, thể hiện trọn vẹn nét mộc mạc của vùng sông nước. Bánh canh bột xắt có thể thưởng thức quanh năm, nhưng đặc biệt thích hợp vào những ngày se lạnh hay dịp lễ Tết như Đoan Ngọ, mang lại cảm giác ấm cúng, dân dã và đậm chất đồng quê miền Tây.",D30.png
D31,Lẩu cháo cua đồng,"Món cháo, Món lẩu","Béo, Ngọt",Bến Tre,Mùa mưa,"Gạo, Hải sản, Trứng",Rau củ quả,"Lẩu cháo cua đồng Bến Tre là một món ăn đặc sản đầy độc đáo, kết hợp hài hòa giữa vị ngọt thanh tự nhiên của cua đồng và sự tươi mát của các loại rau quê như rau ngót, mồng tơi, mướp hương... Điểm đặc biệt làm nên sự khác biệt của món lẩu này chính là phần nước dùng đậm đà, thơm phức, được gia giảm khéo léo với gừng thái sợi cùng chén nước mắm chấm mang hương vị truyền thống. Để tăng thêm độ béo ngậy và hấp dẫn cho nồi lẩu, thực khách có thể thêm hột vịt lộn. Không cần phải dùng kèm cơm, bún hay mì, chỉ cần nhúng rau xanh và các nguyên liệu như thịt bò, trứng,..vào nồi lẩu là đủ tạo nên trải nghiệm ẩm thực trọn vẹn. Đây là món có thể thưởng thức trong mùa hè để thanh nhiệt, hoặc vào mùa mưa để làm ấm cơ thể.",D31.png
D32,Bún gỏi già,Món nước,"Ngọt, Mặn",Tiền Giang,Quanh năm,"Bún, Hải sản, Thịt",Mắm,"Bún gỏi già là một món đặc sản độc đáo mang đậm hương vị miền Tây Nam Bộ, đặc biệt là vùng Mỹ Tho, Tiền Giang. Linh hồn của món ăn chính là phần nước dùng chất lượng, được ninh từ xương heo, tôm và thịt ba chỉ để tạo độ ngọt thanh tự nhiên. Khi ăn kèm cùng nước cốt mắm cá linh nguyên chất, hương vị món ăn càng thêm cuốn hút và thơm ngon, không hề thua kém món Hủ tiếu Mỹ Tho nổi tiếng. Đặc biệt, tô Bún gỏi già không cần phải nêm thêm gia vị mà vẫn trọn vẹn đậm đà, vừa miệng. Đây chắc chắn là một món ăn không thể bỏ qua khi ghé thăm Tiền Giang.",D32.png
D33,Bánh giá chợ Giồng,Món bánh,"Mặn, Ngọt",Tiền Giang,Quanh năm,"Bột, Thịt, Hải sản",Rau củ quả,"Bánh giá chợ Giồng là một món ăn đặc sản nổi bật của vùng Gò Công, Tiền Giang, mang đậm dấu ấn văn hóa ẩm thực Nam Bộ. Xuất hiện từ thế kỷ 17, đây là món ăn vặt độc đáo được chế biến từ bột gạo, đậu xanh cùng giá đỗ, chiên giòn với phần nhân gồm tôm, thịt, giá sống và mộc nhĩ. Bánh có vị béo ngậy, thơm lừng và thường được thưởng thức kèm rau sống cùng nước mắm chua ngọt. Đây chắc chắn là một món ăn không thể bỏ qua khi ghé thăm Tiền Giang.",D33.png
D34,Chuối quết dừa,Món bánh,"Ngọt, Béo",Tiền Giang,Mùa mưa,Trái cây,Nước cốt dừa,"Chuối quết dừa là một món ăn vặt dân dã và đậm phong vị đặc trưng của Tiền Giang. Món ăn này được chế biến từ chuối xanh như chuối già hoặc chuối sứ, được luộc hoặc hấp chín, sau đó đập dẹt (hay quết) để tạo độ mềm dẻo. Phần chuối đã xử lý được trộn đều với hỗn hợp gồm nước cốt dừa thơm béo, dừa nạo sợi trắng ngần, đường, muối, mè rang thơm giòn, và đôi khi có thêm đậu phộng rang tạo nên hương vị ngọt béo hài hòa, mang đậm chất quê với mùi thơm dễ chịu bao phủ. Món này không chỉ là một món ăn chơi để nhâm nhi lúc rảnh rỗi, nó còn có khả năng giúp no lâu và thích hợp để thưởng thức vào những ngày trời mưa rả rích, khi tiết trời se lạnh làm người ta háo hức tìm đến những món ăn ấm áp, thơm ngon và đủ đầy dư vị quê hương.",D34.png
D35,Vú sữa Lò rèn,Trái cây,"Ngọt, Béo",Tiền Giang,Mùa tết,Trái cây,Tất cả,"Vú sữa Lò Rèn là một loại trái cây đặc sản nức tiếng của xã Vĩnh Kim, Tiền Giang. Mùa thu hoạch chính thường bắt đầu từ khoảng tháng 9 âm lịch và kéo dài đến tháng 4 năm sau, trong đó thời kỳ cao điểm rơi vào dịp cuối năm và Tết Nguyên Đán. Loại quả này nổi bật với dáng tròn lớn, lớp vỏ mỏng bóng mượt, phần thịt dày màu trắng đục, vị ngọt thanh dịu kết hợp chút béo ngậy, cùng mùi hương đặc trưng không thể nhầm lẫn. Và loại trái cây này đã trở thành lựa chọn lý tưởng để thưởng thức như một món tráng miệng tuyệt vời sau mỗi bữa ăn.",D35.png
D36,Dừa sáp,Trái cây,"Ngọt, Béo",Trà Vinh,Mùa trái cây,Trái cây,Tất cả,"Dừa sáp là đặc sản nổi tiếng của Cầu Kè, Trà Vinh. Vụ thu hoạch chính kéo dài từ tháng 4 đến tháng 9 với năng suất cao và giá ổn định. Loại dừa này hiếm vì chỉ một số ít quả có lớp sáp độc đáo. Dừa sáp hấp dẫn bởi cơm dừa dày, mềm béo và hương vị vượt trội. Nước dừa đặc sánh, trong như thạch, mang vị ngọt mát khó quên. Ngoài ngon miệng, dừa sáp giàu dinh dưỡng, được ví như “thần dược” tự nhiên. Một ly dừa sáp mát lạnh thật hoàn hảo cho mùa hè nóng bức!",D36.png
D37,Bánh canh Bến Có,Món nước,"Mặn, Ngọt",Trà Vinh,Quanh năm,"Bột, Thịt",Rau củ quả,"Bánh canh Bến Có, đặc sản Trà Vinh, nổi bật với hương vị thơm ngon và cuốn hút. Tô bánh canh đơn sơ, giản dị như chính con người miền Tây, nhưng ẩn chứa vị ngon đặc biệt mà chỉ khi thưởng thức mới cảm nhận hết. Sợi bánh mềm dai, trắng đục, không nở khi chan nước dùng. Nước dùng từ xương hầm cùng nguyên liệu tươi và bí quyết gia vị tạo nên vị đặc trưng riêng. Món ăn hấp dẫn hơn khi kết hợp thịt nạc, giò heo, lòng heo như cật, gan, phèo, tim và rau ghém. Du khách đến Trà Vinh mà chưa thưởng thức bánh canh Bến Có sẽ tiếc nuối, bởi hương vị đặc trưng này chắc chắn sẽ níu chân bất cứ thực khách nào.",D37.png
D38,Cháo ám,Món cháo,"Ngọt, Mặn",Trà Vinh,Mùa mưa,"Gạo, Cá, Trứng","Mắm, Rau củ quả","Cháo ám là món ăn độc đáo gắn liền với văn hóa ẩm thực Trà Vinh, để lại dấu ấn khó quên. Cá lóc tươi sau khi làm sạch được luộc chín, gỡ thịt, xào cùng hành tỏi phi thơm. Nước luộc cá trở thành nguyên liệu chính để nấu cháo, thêm vào đó tôm khô, mực khô và củ hành nướng làm tăng vị ngọt tự nhiên. Đặc biệt, trứng cá lóc đánh nhuyễn tạo sắc vàng óng ánh, trông bắt mắt và vô cùng hấp dẫn. Cháo ám dọn kèm nước chấm pha từ mắm tôm, chanh, ớt cùng các loại rau sống như rau đắng, bắp chuối bào, giá trụng và bánh tráng mè nướng giòn. Đây vừa là món ăn mang lại cảm giác ấm lòng, nhất là trong tiết trời se lạnh của miền Nam. ",D38.png
D39,Loi choi sả ớt,Món chiên,"Cay, Mặn, Béo",Trà Vinh,Mùa khô,Cá,Rau củ quả,"Loi choi sả ớt, đặc sản miền Tây, đặc biệt là Trà Vinh. Cá được ướp muối, chiên giòn cùng sả, ớt và gia vị, mang hương béo của mỡ cá, thơm cay nồng, thịt dai ngọt. Món này ngon nhất khi ăn nóng, thường kèm cơm và rượu. Cắn một miếng cá giòn béo quyện vị cay nồng của ớt, thơm lừng sả, thịt dai ngọt kết hợp với chút rượu nồng tạo nên hương vị khó quên. Loi choi sả ớt là món ăn nổi tiếng, có quanh năm tuy nhiên, vào mùa khô, cá săn chắc và thơm ngon hơn. ",D39.png
D40,Chả hoa Năm Thụy,Món hấp,"Mặn, Ngọt",Trà Vinh,Mùa tết,Thịt,Rau củ quả,"Chả hoa Năm Thụy là một đặc sản nổi tiếng của Trà Vinh (Miền Tây), được làm từ thịt heo xay mịn, kết hợp với nấm mèo, trứng muối và bao bọc bởi lớp trứng gà, tạo hình đẹp mắt giống như bông hoa khi cắt ra, có hương vị thơm ngon, béo bùi, thường được dùng trong các dịp lễ Tết, tiệc tùng hoặc làm quà biếu, đặc biệt có cả loại chả hoa trứng muối và chả hoa bắc thảo. ",D40.png
D41,Dưa hấu Long Trì,Trái cây,Ngọt,Long An,Mùa tết,Trái cây,Tất cả,"Dưa hấu Long Trì, đặc sản Long An, nổi bật với hạt nhỏ (có loại không hạt), thơm, vỏ mỏng, ngọt thanh, mọng nước, giòn và không bị xốp dù để lâu. Truyền thống, loại dưa này được thu hoạch vào vụ Tết Nguyên Đán khi gieo tháng 11, vụ sớm cuối tháng 12 hoặc vụ hè từ tháng 2-5. Nhờ giống mới và kỹ thuật hiện đại, dưa hấu Long Trì giờ có thể trồng quanh năm, phục vụ chủ yếu các dịp lễ lớn. Đến Long An, nhớ thử loại dưa đặc biệt này để cảm nhận sự khác biệt.",D41.png
D42,Thịt heo muối chua,Món khô,"Chua, Mặn",Long An,Quanh năm,Thịt,Rau củ quả,"Thịt lợn muối chua vốn là món ăn truyền thống của người dân xứ Mường (Thanh Sơn, Phú Thọ). Ở Long An, món ăn này cũng được xem là đặc sản được nhiều người yêu thích. Thịt lợn muối chua đạt chuẩn thì phải giữ được sắc tươi của thịt, màu vàng ươm của thính gạo rang hòa quyện trong từng miếng thịt. Món ăn này rất kỳ công trong cách chế biến. Khi cắn miếng thịt muối chua, bạn sẽ cảm nhận được vị bùi của thịt, ngậy của bì, chua của men rừng, mặn của muối và không thể thiếu vị thơm của thính gạo. Khi ăn, người ta thường cuốn một miếng thịt muối chua trong một lớp lá rừng có vị bùi, cay của giềng, thơm của húng quế, chát của lá mít và trầu không rất lạ miệng.",D42.png
D43,Ốc lác hấp lá gừng,Món hấp,"Ngọt, Cay",Vĩnh Long,Mùa mưa,"Thịt, Hải sản",Rau củ quả,"Ốc lác hấp lá gừng, đặc sản Vĩnh Long, nổi tiếng với thịt ốc dai ngọt, thơm mùi gừng non. Món ăn được hấp cách thủy, nhồi nhân thịt băm, nấm và thường ăn nóng cùng nước chấm chua cay mặn ngọt để cảm nhận trọn vẹn hương vị miền Tây. Mùa mưa từ tháng 5 đến tháng 9 âm lịch là thời điểm ốc béo thịt, ngọt dai nhất, thích hợp để thưởng thức món ăn này với vị ngọt tự nhiên của ốc hòa quyện cùng gừng thơm và gia vị.",D43.png
D44,Cá lăng nấu ngót,Món nước,"Chua, Ngọt, Béo",Vĩnh Long,Mùa nước nổi,Cá,Rau củ quả,"Cá lăng nấu ngót Vĩnh Long là món canh dân dã, đặc sản miền Tây, có quanh năm nhưng ngon nhất vào mùa nước nổi hoặc mùa mưa khi cá béo và chắc thịt. Món canh kết hợp vị chua thanh của chanh, cà chua, rau ngót, cần tây với vị ngọt tự nhiên của cá lăng, tạo nên hương vị đậm đà. Thường ăn kèm dưa bồn bồn, bông súng hoặc rau sống, món này rất thích hợp cho bữa cơm gia đình, vừa thơm ngon vừa hấp dẫn.",D44.png
D45,Ve sầu chiên giòn,Món khô,"Béo, Ngọt, Cay",Vĩnh Long,Mùa mưa,Côn trùng,Rau củ quả,"Ve sầu chiên giòn Vĩnh Long là đặc sản dân dã nổi tiếng, ngon nhất đầu mùa mưa khi ve sầu còn non, thịt bùi thơm và giòn. Món này chế biến đơn giản: ve sầu được sơ chế, chiên vàng, nêm gia vị như mắm, hành phi, ớt. Thường ăn kèm lá lốt, lá cóc non, chấm nước mắm chua cay, tạo hương vị miệt vườn hấp dẫn. Ngoài ra, có thể biến tấu với bơ tỏi, rang muối ớt hay xào sả ớt, nhưng phổ biến nhất vẫn là chiên giòn.",D45.png
D46,Bánh tráng nem cù lao Lục Sĩ,Món bánh,"Mặn, Ngọt",Vĩnh Long,Quanh năm,Gạo,Dầu mè,"Bánh tráng nem Cù Lao Lục Sĩ, đặc sản nổi tiếng của Vĩnh Long, mang hương vị thơm ngon, giản dị. Đây là món quà phổ biến được du khách chọn mang về sau khi ghé thăm vùng đất này. Thành phần chính là bột gạo nguyên chất, xay mịn và pha nước theo công thức gia truyền, tạo nên bánh mềm dẻo, vị mặn tự nhiên hài hòa. Bí quyết nằm ở quy trình tráng mỏng bằng tay, phơi nắng và đôi khi thêm dầu mè để tăng hương vị. Khi thưởng thức, bánh đem lại cảm giác mềm mại, đậm đà. ",D46.png
D47,Nhãn Da Bò,Trái cây,Ngọt,Bạc Liêu,Mùa trái cây,Trái cây,Tất cả,"Nhãn da bò là loại trái cây đặc sản của vùng đất Bạc Liêu, thường vào mùa thu hoạch chính là khoảng tháng 6 đến tháng 8 (âm lịch), Nhãn da bò có nguồn gốc từ Trung Quốc, đã được người Hoa đem qua Việt Nam nhân giống và có mặt ở Bạc Liêu cho đến nay. Loại nhãn này có cơm dày và hương vị thơm ngọt. Bề ngoài, nhãn da bò trông vàng óng ánh, vỏ mỏng, láng bong. Đến Bạc Liêu, bạn có thể ghé thăm những vườn nhãn, vừa tận hưởng không khí miệt vườn thanh bình, yên tĩnh, vừa có thể thưởng thức những trái nhãn thơm ngọt.",D47.png
D48,Bún Xào Nem Nướng,Món khô,"Mặn, Ngọt",Bạc Liêu,Quanh năm,"Thịt, Bún",Rau củ quả,"Bún xào nem nướng là một trong những đặc sản hấp dẫn và nổi tiếng tại Bạc Liêu. Món ăn này được chế biến từ sự kết hợp hài hòa của bún tươi, thịt heo thái lát mỏng, tỏi, sả băm nhuyễn và nem nướng được tẩm ướp đậm đà, vừa vị. Khi thưởng thức, bạn có thể rắc thêm chút đậu phộng giòn bùi và chấm cùng nước mắm pha cay, tạo nên hương vị khó quên. Đặc biệt, món này thường được phục vụ khi còn nóng hổi, thích hợp để thưởng thức trong mọi kiểu thời tiết, từ mùa mưa đến mùa khô của miền Tây. Vì vậy, nếu có dịp ghé thăm vùng đất này, đừng bỏ qua cơ hội nếm thử món ngon khó cưỡng này.",D48.png
D49,Bánh Củ Cải,Món bánh,"Mặn, Ngọt",Bạc Liêu,Quanh năm,"Bột, Thịt, Hải sản",Rau củ quả,"Bánh củ cải là món ăn quen thuộc của người dân Bạc Liêu, gây ấn tượng vị giác bởi vị đậm đà, béo ngậy của tôm, thịt cùng hương vị hăng hăng của bột củ cải. Bánh có hương vị lạ miệng. Nguyên liệu để làm bánh củ cải bao gồm củ sắn, củ cải, tôm khô. Với cách chế biến tinh tế, tỉ mỉ, người dân Bạc Liêu đã tạo nên được món ăn với hương vị độc đáo. Đặc biệt, món này thường được phục vụ khi còn nóng hổi, thích hợp để thưởng thức trong mọi kiểu thời tiết, từ mùa mưa đến mùa khô của miền Tây. Vì vậy, nếu có dịp ghé thăm vùng đất này, đừng bỏ qua cơ hội nếm thử món ngon khó cưỡng này.",D49.png
D50,Chả Trứng Mực Đất Mũi,Món hấp,"Béo, Ngọt, Mặn",Cà Mau,Mùa khô,"Thịt, Hải sản, Trứng",Rau củ quả,"Chả trứng mực Đất Mũi là món đặc sản trứ danh của vùng Cà Mau, có thể thưởng thức quanh năm. Nguyên liệu chính để làm món này là trứng mực (phần trứng của mực đẻ) cùng các thành phần khác như thịt heo, gan heo, trứng vịt, thường luôn có sẵn. Tuy nhiên, hương vị đặc biệt nhất được cảm nhận rõ rệt vào mùa mực sinh sản, thường rơi vào mùa khô hoặc mùa xuân tại vùng biển, khi trứng mực đạt độ mập, béo ngậy nhất, làm tăng thêm vị đậm đà và thơm ngon cho món ăn.",D50.png
D51,Gỏi Nhộng Ong Rừng U Minh,Món gỏi,"Béo, Chua, Cay",Cà Mau,Mùa mưa,Côn trùng,Rau củ quả,"Món gỏi nhộng ong rừng U Minh là một trong những đặc sản nổi bật và hiếm có của Cà Mau, mang đến sự kết hợp hài hòa giữa vị béo bùi hấp dẫn của nhộng ong non, vị chua nhẹ thanh mát từ bắp chuối thái mỏng, cùng hương thơm đặc trưng của rau và chút cay nồng từ nước sốt. Tất cả hòa quyện tạo nên một hương vị độc nhất, gây ấn tượng sâu sắc cho thực khách, được mệnh danh là ""đệ nhất ẩm thực"" nơi xứ U Minh. Thời điểm lý tưởng nhất để thưởng thức món ăn này là vào tháng Tư theo lịch dương, khi khí hậu chuyển mùa, cũng chính là lúc người dân U Minh bắt đầu thu hoạch ong và nhộng để chế biến món đặc sản trứ danh này.",D51.png
D52,Lươn Um Rau Ngổ,Món xào,Béo,Cà Mau,Mùa nước nổi,Cá,"Nước cốt dừa, Rau củ quả","Lươn um rau ngổ Cà Mau là món ăn dân dã đặc trưng miền Tây Nam Bộ, hòa quyện hương vị ngọt bùi của lươn đồng, thơm lừng của rau ngổ, béo ngậy từ nước cốt dừa và nghệ vàng. Thường dùng kèm bún tươi hoặc cơm nóng, chấm cùng nước tương hoặc nước cốt dừa đặc biệt, món ăn này không chỉ ngon miệng mà còn bổ dưỡng. Thời gian lý tưởng để thưởng thức là mùa nước nổi, khi lươn béo và rau ngổ xanh tươi, mang đến hương vị đậm đà của vùng U Minh. Lươn đồng to, um trong thố sành với rau ngổ, đặc biệt phù hợp cho những ngày nước lớn tràn về.",D52.png
D53,Cua Đá Rang Muối,Món khô,"Béo, Mặn, Ngọt",Cà Mau,Mùa nước nổi,Hải sản,Rau củ quả,"Cua đá rang muối Cà Mau là một đặc sản trứ danh, kết hợp hài hòa giữa vị ngọt tự nhiên của thịt cua và hương mặn mà từ lớp muối rang thấm đẫm sả, tỏi, lá chanh. Món ăn thêm phần hấp dẫn khi thưởng thức cùng rau răm và muối tiêu chanh. Thịt cua chắc ngon, vỏ giòn, màu đỏ cam bắt mắt. Cua được sơ chế, chiên sơ, sau đó rang đều với muối gia vị để đậm đà hơn. Cua ngon nhất vào mùa nước lớn, từ tháng 9 đến tháng 3 âm lịch, đặc biệt từ tháng 7 đến 9 âm lịch - mùa gạch son, khi cua béo gạch và thơm ngon nhất.",D53.png
D54,Cơm Nị – Cà Púa ,Món khô,"Ngọt, Béo",An Giang,Quanh năm,"Gạo, Thịt",Nước cốt dừa,"Cơm nị cà púa là món ăn truyền thống đặc sắc của người Chăm tại An Giang, nổi bật với sự kết hợp độc đáo giữa cơm nị và cà púa. Cơm nị được nấu từ nước cốt dừa, sữa, đậu phộng và nho khô, tạo vị béo thơm, tơi xốp. Cà púa là thịt bò hầm mềm trong nước sốt cà ri đậm đà, hòa quyện cùng nước cốt dừa, nghệ và gia vị đặc trưng. Món ăn này có thể thưởng thức quanh năm nhưng đặc biệt hấp dẫn vào dịp lễ tết, các buổi tiệc hay ngày se lạnh. Với hương vị ấm nóng, thơm ngon mang đậm dấu ấn văn hóa ẩm thực Chăm, cơm nị cà púa là một trải nghiệm không thể bỏ lỡ.",D54.png
D55,Xôi Xiêm Châu Đốc,Món khô,"Ngọt, Béo",An Giang,Mùa tết,"Trái cây, Nếp",Nước cốt dừa,"Xôi xiêm Châu Đốc, món đặc sản nổi tiếng của An Giang, được làm từ nếp thơm ngon nấu cùng nước cốt dừa và sầu riêng, tạo nên hương vị béo ngọt đặc trưng. Điểm nhấn của món ăn nằm ở lớp topping sền sệt kết hợp hột vịt đánh loãng, đường thốt nốt và các nguyên liệu độc đáo khác. Xôi xiêm có thể thưởng thức quanh năm nhờ nguyên liệu dễ tìm, nhưng thường được ưa chuộng vào dịp lễ, Tết, ngày rằm hay mùng 1, như một cách thể hiện sự hiếu khách và nét văn hóa ẩm thực miền Tây đậm đà.",D55.png
D56,Mây Gai,Trái cây,"Chua, Ngọt",An Giang,Mùa trái cây,Trái cây,Tất cả,"Trái mây gai, thường được gọi là mây rừng, là loại trái cây hoang dã phổ biến ở các khu rừng miền Tây, đặc biệt tại An Giang. Trái mây có kích thước nhỏ, hình bầu dục với lớp vỏ sần sùi, phủ đầy những gai nhỏ li ti. Bên trong là phần thịt trắng ngà, vị chua ngọt, kết hợp hương thơm nhẹ nhàng. Khi thưởng thức, có thể cảm nhận sự hòa quyện giữa vị chua thanh và ngọt dịu rất riêng. Trái thường xuất hiện vào mùa hè, cao điểm là tháng 5 và tháng 6. Khi ấy, trái chuyển từ xanh sang vàng óng ả, trở nên mọng nước và ngon nhất, dễ dàng tìm thấy ở các chợ và cửa hàng trái cây.",D56.png
D57,Cá Leo Nướng Muối Ớt,Món nướng,"Cay, Mặn, Béo",An Giang,Mùa nước nổi,Cá,Rau củ quả,"Cá leo nướng muối ớt là món đặc sản hấp dẫn của An Giang, nổi bật với hương vị béo ngậy, thơm ngon từ cá leo tươi. Cá được ướp kỹ cùng tỏi, ớt và gia vị, sau đó nướng trên than hồng, tạo nên lớp thịt săn chắc, da giòn rụm. Món ăn thường được thưởng thức cùng rau sống, bánh tráng và nước chấm chua cay, mang đậm nét ẩm thực miền Tây. Thời điểm lý tưởng nhất để thưởng thức là mùa nước nổi, khi cá nhiều, thịt đầy và thơm ngon nhất. Tuy nhiên, món này vẫn dễ dàng tìm thấy và thưởng thức suốt cả năm, dùng cùng cơm, bún hay cuốn bánh tráng đều rất ngon miệng.",D57.png
D58,Khô Bò Châu Đốc,Món khô,"Mặn, Cay",An Giang,Quanh năm,Thịt,Rau củ quả,"Khô bò Châu Đốc, món đặc sản nổi tiếng của tỉnh An Giang, chinh phục thực khách với hương vị đậm đà, thơm ngon. Theo quy trình, thịt bò được cắt mỏng rồi tẩm ướp kỹ với các nguyên liệu như đường, muối, tỏi băm, gừng, ớt bột, sa tế, hạt điều màu, dầu hào... Một số nơi còn dùng phẩm màu để tăng phần bắt mắt. Khô bò không phụ thuộc mùa vụ và luôn đảm bảo chất lượng quanh năm. Thời điểm thưởng thức thường dựa vào lịch trình du lịch hoặc sở thích cá nhân.",D58.png
D59,Cơm Tấm Long Xuyên,Món khô,"Mặn, Ngọt",An Giang,Quanh năm,"Gạo, Thịt, Trứng",Rau củ quả,"Cơm tấm Long Xuyên, một đặc sản trứ danh của An Giang, được chế biến từ gạo tấm nhuyễn với hạt cơm mềm dẻo, thơm nhẹ, mang vị bùi ngọt đặc trưng của quê hương. Phần thịt nướng ướp đậm đà, nướng trên than hồng hoặc khìa vàng ươm trên chảo, tạo nên hương vị khó quên. Món ăn còn hấp dẫn hơn khi kết hợp cùng trứng ốp la, chả, bì, rau sống, mỡ hành và nước mắm chua ngọt. Ghé Long Xuyên, thưởng thức cơm tấm vào bất kỳ thời điểm nào cũng đều là một trải nghiệm đáng nhớ.",D59.png
D60,Bánh xèo bông điên điển,Món bánh,"Ngọt, Đắng",Hậu Giang,Mùa nước nổi,"Bột, Thịt",Bông điên điển,"Bánh xèo bông điên điển là đặc sản của vùng Hậu Giang, nổi bật với lớp vỏ vàng giòn, nhân tôm thịt bằm, bông điên điển ngọt dịu và rau sống tươi ngon, chấm cùng nước mắm chua ngọt đậm đà. Món ăn này mang hương vị dân dã, độc đáo, thường được thưởng thức nóng hổi, tượng trưng cho sự sum vầy gia đình. Đặc biệt, bánh xèo thơm ngon nhất vào mùa nước nổi, khi bông điên điển nở rộ, góp phần làm nên nét đặc trưng của ẩm thực miền Tây.",D60.png
D61,Cháo lòng Cái Tắc,Món cháo,"Mặn, Ngọt",Hậu Giang,Mùa mưa,"Gạo, Thịt",Rau củ quả,"Cháo lòng Cái Tắc là đặc sản trứ danh của Hậu Giang. Được làm từ gạo cùng các nguyên liệu như tim, gan, phèo, lưỡi, và thịt nạc heo, cháo lòng Cái Tắc ghi điểm nhờ cách nêm nếm riêng biệt, tạo nên mùi vị hấp dẫn đặc trưng. Tô cháo nóng hổi với thịt thà đầy đặn, kết hợp cùng giá sống, rau đắng, bắp chuối, chanh và ớt, mang đến sự lôi cuốn khó cưỡng. Cháo được nấu lỏng và nhừ, màu ngà đẹp mắt, phù hợp để thưởng thức quanh năm, nhưng tuyệt nhất là vào mùa lạnh hay ngày mưa se lạnh. Với tính ấm nóng, dễ tiêu hóa, món ăn này thích hợp cho cả bữa sáng, chiều hay tối.",D61.png
D62,Lẩu cá ngát,Món lẩu,"Chua, Ngọt",Hậu Giang,Mùa khô,Cá,Rau củ quả,"Khi đến Hậu Giang, nhất định phải thử món lẩu cá ngát, một đặc sản nổi bật của vùng đất này. Món ăn mang hương vị chua thanh từ me, ngọt dịu từ trái thơm và cà chua, kết hợp cùng các loại rau như bắp chuối, rau nhút, giá, rau muống. Nước lẩu sóng sánh và miếng cá tươi ngon, chắc thịt, tạo nên vị đậm đà khó quên. Thật tuyệt vời khi thưởng thức món này vào mùa khô, khi tiết trời mát mẻ, thích hợp để quây quần bên nồi lẩu ấm áp và tận hưởng hương vị đặc trưng của Hậu Giang.",D62.png
D63,Khóm Cầu Đúc,Trái cây,"Chua, Ngọt",Hậu Giang,Mùa trái cây,Trái cây,Tất cả,"Khóm Cầu Đúc, một loại dứa đặc sản nổi tiếng của vùng Hậu Giang, gây ấn tượng bởi vẻ ngoài gai góc cùng chóp quả tựa như chiếc vương miện đầy kiêu sa. Loại khóm này được ưa chuộng nhờ vị ngọt thanh, thịt quả vàng sậm, ít xơ và khả năng bảo quản lâu mà vẫn tươi ngon. Không chỉ là thức quả ăn liền, mà còn là nguyên liệu tuyệt vời để chế biến đa dạng các món ăn và sản phẩm. Dù có thể thưởng thức khóm quanh năm, nhưng mùa khô là thời điểm khóm đạt chuẩn hương vị nhất. Vào những ngày nắng gắt, khóm trở nên đậm đà và ngọt hơn, làm tăng thêm giá trị cho danh tiếng của loại đặc sản này.",D63.png
D64,Chả cá thát lát,Món khô,"Mặn, Ngọt",Hậu Giang,Mùa nước nổi,Cá,Rau củ quả,"Chả cá thát lát, một đặc sản trứ danh của tỉnh Hậu Giang, mang đậm hương vị truyền thống của miền Tây Nam Bộ với thịt cá dai, ngọt và hương thơm đặc trưng. Món ăn này được chế biến từ thịt cá tươi xay nhuyễn, kết hợp tinh tế cùng gia vị như tiêu, hành, tỏi, nước mắm... để tạo nên độ dai hoàn hảo. Thường được chế biến bằng cách chiên, chả cá có thể thưởng thức suốt cả năm nhờ nguồn cá thát lát phong phú. Đặc biệt, vào mùa nước nổi, cá tự nhiên dồi dào nhất, thịt béo ngọt hơn, làm chả lại càng thêm thơm ngon.",D64.png
D65,Cơm ghẹ Phú Quốc,Món khô,"Mặn, Béo",Kiên Giang,Mùa khô,"Hải sản, Gạo",Rau củ quả,"Cơm ghẹ Phú Quốc là món đặc sản độc đáo của vùng Kiên Giang với thành phần chính gồm cơm trắng, thịt ghẹ bóc vỏ xé nhỏ, hòa quyện cùng tỏi, hành tây thái mỏng và một chút tương cà, tạo nên màu sắc bắt mắt. Món ăn sau khi rang hoàn thiện có màu vàng ươm, hạt cơm bóng bẩy căng mọng, mang hương vị ngọt thơm đặc trưng của ghẹ. Khi ăn, thường kèm theo rau tươi, dưa chuột và cà chua cắt lát để tăng phần hấp dẫn. Món này có thể thưởng thức quanh năm nhờ nguồn ghẹ tươi ngon luôn sẵn có quanh đảo, nhưng thơm ngon nhất là vào mùa khô, khi ghẹ chắc thịt hơn và chất lượng ổn định hơn so với mùa mưa.",D65.png
D66,Bánh canh ghẹ chả,Món nước,"Mặn, Ngọt, Béo",Kiên Giang,Mùa khô,"Hải sản, Bột",Rau củ quả,"Bánh canh chả ghẹ mang đậm hương vị biển Kiên Giang, thu hút thực khách ngay từ ánh nhìn đầu tiên với tô bánh đầy đặn, dĩa rau tươi xanh gồm bắp chuối, rau quế, xà lách, rau muống. Thịt ghẹ béo ngọt phủ đầy mặt tô, chả cá thu mặn mà, dai mềm, kết hợp cùng những sợi bánh canh trắng trong dai giòn. Tất cả hòa quyện với vị cay của tiêu và làn gió biển thoảng qua, tạo nên một cảm giác vừa ngon miệng vừa thư thái. Món ăn này có thể thưởng thức quanh năm nhờ ghẹ luôn tươi ngon, nhưng đặc biệt đậm đà nhất là vào mùa khô, khi ghẹ chắc thịt và chất lượng vượt trội hơn so với những ngày mưa.",D66.png
D67,Bún cá Rạch Giá,Món nước,Ngọt,Kiên Giang,Mùa mưa,"Bún, Cá",Rau củ quả,"Bún cá Rạch Giá là một trong những biểu tượng đặc trưng của ẩm thực Kiên Giang. Tô bún hấp dẫn với những sợi bún trắng ngần quyện cùng thịt cá lóc dai thơm, vài lát chả cá thu mềm ngọt, chan đậm trong phần nước dùng nóng hổi được ninh từ xương cá, khiến ai thưởng thức cũng khó lòng quên. Điểm đặc biệt của món ăn này là sự hòa quyện của hương vị dân dã cùng tính ấm nóng, khiến nó trở thành lựa chọn lý tưởng không chỉ trong các ngày se lạnh hay trời mưa phùn mà còn ở mọi thời điểm trong năm.",D67.png
D68,Gỏi sò lông hoa chuối,Món gỏi,"Chua, Ngọt, Đắng",Kiên Giang,Mùa khô,"Thịt, Hải sản",Rau củ quả,"Gỏi sò lông hoa chuối là món ăn đặc trưng của vùng biển Kiên Giang với hương vị hòa quyện giữa chua ngọt, thanh mát và đậm đà. Sự kết hợp độc đáo từ sò lông cam béo ngậy, dai giòn, thịt ba chỉ luộc mềm, hoa chuối giòn thanh cùng rau răm, hành tây, đậu phộng và nước sốt mắm chanh tỏi ớt tạo nên nét hấp dẫn khó cưỡng. Món này có thể thưởng thức quanh năm nhờ sự sẵn có của nguyên liệu, nhưng ngon nhất vào mùa khô khi sò lông chắc thịt, đậm vị và hoa chuối ít chát. Đây là lựa chọn yêu thích của người dân miền Tây, nhất là ở Kiên Giang, trong những ngày hè thư thái bên bờ biển.",D68.png
D69,Lẩu chua sả nghệ cá nhám dầu,Món lẩu,"Chua, Ngọt, Mặn",Kiên Giang,Mùa khô,Cá,Rau củ quả,"Lẩu chua sả nghệ cá nhám dầu là món đặc sản của Kiên Giang, nổi bật với hương vị chua thanh, thơm nồng mùi sả và nghệ, cùng màu vàng óng bắt mắt. Sự kết hợp giữa vị ngọt tự nhiên của cá nhám tươi, măng chua, dưa hường, thơm, cà chua và các loại rau thơm đặc trưng như ngò gai, húng quế, rau om tạo nên một món ăn hấp dẫn khó cưỡng. Lẩu thường được ăn kèm với bún hoặc cơm trắng, mang đậm nét văn hóa ẩm thực địa phương độc đáo. Món ăn này có thể thưởng thức quanh năm, nhưng để tận hưởng hương vị ngon nhất từ cá tươi, bạn nên chọn thưởng thức vào mùa khô hoặc thời điểm cá nhiều (thường là từ cuối năm đến đầu xuân).",D69.png
D70,Lạp Xưởng Cai Lậy,Món khô,"Ngọt, Mặn, Béo",Tiền Giang,Mùa Tết,Thịt,Rau củ quả,"Lạp xưởng là một trong những món ăn đặc sản nổi tiếng gắn liền với vùng đất Tiền Giang, đặc biệt là huyện Cai Lậy. Món ăn truyền thống này được chế biến từ các nguyên liệu chính như thịt nạc và thịt mỡ chất lượng cao, kết hợp cùng rượu, đường và gia vị như tiêu, sau đó được nhồi khéo léo vào ruột lợn. Hương vị của lạp xưởng mang đậm nét đặc trưng khó quên: vừa có độ ngọt dịu mà không quá gắt hay ngấy, vừa thơm ngon khiến ai từng thưởng thức đều nhớ mãi. Đặc biệt, lạp xưởng Cai Lậy là một món ăn thường xuyên xuất hiện trong dịp Tết Nguyên Đán cũng như bất kỳ thời điểm nào trong năm.",D70.png
D71,Lẩu mắm,Món lẩu,"Mặn, Ngọt",Long An,Mùa nước nổi,"Thịt, Hải sản, Cá",Mắm,"Lẩu mắm, món đặc sản dân dã của Long An, mang đậm nét đẹp truyền thống trong văn hóa ẩm thực vùng đất này. Sức hấp dẫn của lẩu mắm đến từ hương vị nồng nàn đặc trưng của mắm, sự cay nồng của ớt, và vị ngọt từ thịt heo cùng hải sản. Món ăn càng thêm phần thơm ngon khi được thưởng thức cùng các loại rau đồng mộc mạc như rau nhút, bông điên điển, chuối cây, hoa súng... Đặc biệt, lẩu mắm ngon nhất vào mùa nước nổi, thời điểm rau đồng miền Tây tươi ngon nhất, mang lại hương vị trọn vẹn cho món ăn, dù lẩu mắm vẫn có thể thưởng thức quanh năm.",D71.png
D72,Cá lóc nướng trui,Món nướng,"Mặn, Ngọt",Cần Thơ,"Mùa khô, Mùa mưa",Cá,Rau củ quả,"Về miền Tây, đặc biệt là Cần Thơ, không thể bỏ qua món cá lóc nướng trui trứ danh. Cá lóc đồng được sơ chế, xiên cây tre tươi, cắm xuống đất, phủ rơm khô và nướng đến khi chín. Khi ăn, lớp da cháy được bóc ra, thêm đậu phộng, mỡ hành, cuốn cùng rau xanh, bánh tráng, bún, rồi chấm nước mắm chua ngọt. Món này ngon nhất vào mùa khô khi cá béo, rau đồng và đọt sen tươi, đặc biệt trong mùa gió chướng. Đây là đặc sản dân dã có thể thưởng thức quanh năm nhưng đậm đà hơn vào mùa khô.",D72.png
